-- phpMyAdmin SQL Dump
-- version 4.8.5
-- https://www.phpmyadmin.net/
--
-- Хост: 127.0.0.1:3306
-- Время создания: Авг 28 2019 г., 15:26
-- Версия сервера: 10.3.13-MariaDB
-- Версия PHP: 7.1.22

SET SQL_MODE = "NO_AUTO_VALUE_ON_ZERO";
SET AUTOCOMMIT = 0;
START TRANSACTION;
SET time_zone = "+00:00";


/*!40101 SET @OLD_CHARACTER_SET_CLIENT=@@CHARACTER_SET_CLIENT */;
/*!40101 SET @OLD_CHARACTER_SET_RESULTS=@@CHARACTER_SET_RESULTS */;
/*!40101 SET @OLD_COLLATION_CONNECTION=@@COLLATION_CONNECTION */;
/*!40101 SET NAMES utf8mb4 */;

--
-- База данных: `micro-lk-743k`
--

-- --------------------------------------------------------

--
-- Структура таблицы `auth_assignment`
--

CREATE TABLE `auth_assignment` (
  `item_name` varchar(64) COLLATE utf8_unicode_ci NOT NULL,
  `user_id` varchar(64) COLLATE utf8_unicode_ci NOT NULL,
  `created_at` int(11) DEFAULT NULL
) ENGINE=InnoDB DEFAULT CHARSET=utf8 COLLATE=utf8_unicode_ci;

--
-- Дамп данных таблицы `auth_assignment`
--

INSERT INTO `auth_assignment` (`item_name`, `user_id`, `created_at`) VALUES
('admin', '7', 1566859270),
('admin', '9', 1566864103),
('user', '10', 1566897804),
('user', '15', 1566901109),
('user', '16', 1566901403),
('user', '17', 1566911537),
('user', '18', 1566911777),
('user', '19', 1566912184),
('user', '20', 1566931755),
('user', '21', 1566932140),
('user', '22', 1566933452),
('user', '23', 1566934001),
('user', '8', 1566863740),
('user', '9', 1566863969);

-- --------------------------------------------------------

--
-- Структура таблицы `auth_item`
--

CREATE TABLE `auth_item` (
  `name` varchar(64) COLLATE utf8_unicode_ci NOT NULL,
  `type` smallint(6) NOT NULL,
  `description` text COLLATE utf8_unicode_ci DEFAULT NULL,
  `rule_name` varchar(64) COLLATE utf8_unicode_ci DEFAULT NULL,
  `data` blob DEFAULT NULL,
  `created_at` int(11) DEFAULT NULL,
  `updated_at` int(11) DEFAULT NULL
) ENGINE=InnoDB DEFAULT CHARSET=utf8 COLLATE=utf8_unicode_ci;

--
-- Дамп данных таблицы `auth_item`
--

INSERT INTO `auth_item` (`name`, `type`, `description`, `rule_name`, `data`, `created_at`, `updated_at`) VALUES
('admin', 1, NULL, NULL, NULL, 1566859270, 1566859270),
('manageBackend', 2, 'Allows manage backend', NULL, NULL, 1566859270, 1566859270),
('user', 1, NULL, NULL, NULL, 1566859270, 1566859270);

-- --------------------------------------------------------

--
-- Структура таблицы `auth_item_child`
--

CREATE TABLE `auth_item_child` (
  `parent` varchar(64) COLLATE utf8_unicode_ci NOT NULL,
  `child` varchar(64) COLLATE utf8_unicode_ci NOT NULL
) ENGINE=InnoDB DEFAULT CHARSET=utf8 COLLATE=utf8_unicode_ci;

--
-- Дамп данных таблицы `auth_item_child`
--

INSERT INTO `auth_item_child` (`parent`, `child`) VALUES
('admin', 'manageBackend');

-- --------------------------------------------------------

--
-- Структура таблицы `auth_rule`
--

CREATE TABLE `auth_rule` (
  `name` varchar(64) COLLATE utf8_unicode_ci NOT NULL,
  `data` blob DEFAULT NULL,
  `created_at` int(11) DEFAULT NULL,
  `updated_at` int(11) DEFAULT NULL
) ENGINE=InnoDB DEFAULT CHARSET=utf8 COLLATE=utf8_unicode_ci;

-- --------------------------------------------------------

--
-- Структура таблицы `migration`
--

CREATE TABLE `migration` (
  `version` varchar(180) NOT NULL,
  `apply_time` int(11) DEFAULT NULL
) ENGINE=InnoDB DEFAULT CHARSET=utf8;

--
-- Дамп данных таблицы `migration`
--

INSERT INTO `migration` (`version`, `apply_time`) VALUES
('m000000_000000_base', 1566774347),
('m130524_201442_init', 1566774351),
('m140506_102106_rbac_init', 1566856694),
('m170907_052038_rbac_add_index_on_auth_assignment_user_id', 1566856694),
('m180523_151638_rbac_updates_indexes_without_prefix', 1566856694),
('m190124_110200_add_verification_token_column_to_user_table', 1566774351);

-- --------------------------------------------------------

--
-- Структура таблицы `sessions`
--

CREATE TABLE `sessions` (
  `id` int(11) NOT NULL,
  `operators_id` int(11) NOT NULL,
  `salon_id` int(11) NOT NULL,
  `tariff_id` int(11) NOT NULL,
  `time_start` timestamp NOT NULL DEFAULT '0000-00-00 00:00:00',
  `time_finish` timestamp NOT NULL DEFAULT '0000-00-00 00:00:00',
  `is_additional_sale` tinyint(1) NOT NULL,
  `is_test` tinyint(1) NOT NULL,
  `created_at` timestamp NOT NULL DEFAULT '0000-00-00 00:00:00',
  `updated_at` timestamp NOT NULL DEFAULT '0000-00-00 00:00:00'
) ENGINE=InnoDB DEFAULT CHARSET=utf8;

--
-- Дамп данных таблицы `sessions`
--

INSERT INTO `sessions` (`id`, `operators_id`, `salon_id`, `tariff_id`, `time_start`, `time_finish`, `is_additional_sale`, `is_test`, `created_at`, `updated_at`) VALUES
(0, 0, 0, 0, '0000-00-00 00:00:00', '0000-00-00 00:00:00', 0, 0, '0000-00-00 00:00:00', '0000-00-00 00:00:00'),
(73, 7, 11, 1, '2019-05-21 09:09:01', '0000-00-00 00:00:00', 0, 0, '0000-00-00 00:00:00', '0000-00-00 00:00:00'),
(74, 8, 11, 9, '2019-05-21 09:27:20', '2019-05-21 13:27:34', 0, 0, '0000-00-00 00:00:00', '0000-00-00 00:00:00'),
(75, 8, 11, 9, '2019-05-21 13:36:54', '0000-00-00 00:00:00', 0, 0, '0000-00-00 00:00:00', '0000-00-00 00:00:00'),
(76, 8, 11, 9, '2019-05-22 07:54:57', '0000-00-00 00:00:00', 0, 0, '0000-00-00 00:00:00', '0000-00-00 00:00:00'),
(77, 8, 11, 9, '2019-05-22 14:28:15', '0000-00-00 00:00:00', 0, 0, '0000-00-00 00:00:00', '0000-00-00 00:00:00'),
(78, 7, 11, 1, '2019-05-22 15:49:38', '0000-00-00 00:00:00', 0, 0, '0000-00-00 00:00:00', '0000-00-00 00:00:00'),
(79, 7, 11, 1, '2019-05-22 16:09:10', '2019-05-22 16:10:01', 0, 0, '0000-00-00 00:00:00', '0000-00-00 00:00:00'),
(80, 7, 11, 2, '2019-05-22 17:18:13', '0000-00-00 00:00:00', 0, 0, '0000-00-00 00:00:00', '0000-00-00 00:00:00'),
(81, 7, 11, 2, '2019-05-22 17:19:00', '0000-00-00 00:00:00', 0, 0, '0000-00-00 00:00:00', '0000-00-00 00:00:00'),
(82, 7, 11, 1, '2019-05-22 17:40:47', '2019-05-22 17:41:31', 0, 0, '0000-00-00 00:00:00', '0000-00-00 00:00:00'),
(83, 7, 11, 2, '2019-05-22 17:41:42', '2019-05-22 17:42:29', 0, 0, '0000-00-00 00:00:00', '0000-00-00 00:00:00'),
(84, 7, 11, 2, '2019-05-22 19:28:49', '2019-05-22 19:29:35', 0, 0, '0000-00-00 00:00:00', '0000-00-00 00:00:00'),
(85, 8, 11, 9, '2019-05-23 08:52:52', '2019-05-23 12:02:45', 0, 0, '0000-00-00 00:00:00', '0000-00-00 00:00:00'),
(86, 8, 11, 9, '2019-05-23 13:19:34', '2019-05-23 17:19:48', 0, 0, '0000-00-00 00:00:00', '0000-00-00 00:00:00'),
(87, 8, 11, 9, '2019-05-23 17:20:17', '0000-00-00 00:00:00', 0, 0, '0000-00-00 00:00:00', '0000-00-00 00:00:00'),
(88, 8, 11, 9, '2019-05-24 12:07:42', '2019-05-24 12:59:14', 0, 0, '0000-00-00 00:00:00', '0000-00-00 00:00:00'),
(89, 9, 13, 1, '2019-05-24 16:10:10', '0000-00-00 00:00:00', 0, 0, '0000-00-00 00:00:00', '0000-00-00 00:00:00'),
(90, 9, 13, 2, '2019-05-24 16:12:42', '0000-00-00 00:00:00', 0, 0, '0000-00-00 00:00:00', '0000-00-00 00:00:00'),
(91, 9, 13, 2, '2019-05-24 16:15:19', '0000-00-00 00:00:00', 0, 0, '0000-00-00 00:00:00', '0000-00-00 00:00:00'),
(92, 9, 13, 1, '2019-05-24 16:20:58', '0000-00-00 00:00:00', 0, 0, '0000-00-00 00:00:00', '0000-00-00 00:00:00'),
(93, 9, 13, 2, '2019-05-24 16:21:20', '0000-00-00 00:00:00', 0, 0, '0000-00-00 00:00:00', '0000-00-00 00:00:00'),
(94, 8, 11, 9, '2019-05-24 16:23:30', '2019-05-24 16:39:07', 0, 0, '0000-00-00 00:00:00', '0000-00-00 00:00:00'),
(95, 9, 13, 2, '2019-05-24 16:29:02', '2019-05-24 16:32:29', 0, 0, '0000-00-00 00:00:00', '0000-00-00 00:00:00'),
(96, 9, 13, 1, '2019-05-24 16:43:17', '0000-00-00 00:00:00', 0, 0, '0000-00-00 00:00:00', '0000-00-00 00:00:00'),
(97, 9, 13, 1, '2019-05-24 16:49:34', '0000-00-00 00:00:00', 0, 0, '0000-00-00 00:00:00', '0000-00-00 00:00:00'),
(98, 9, 13, 2, '2019-05-24 16:55:29', '2019-05-24 16:57:56', 0, 0, '0000-00-00 00:00:00', '0000-00-00 00:00:00'),
(99, 9, 13, 1, '2019-05-24 17:29:33', '2019-05-24 17:34:28', 0, 0, '0000-00-00 00:00:00', '0000-00-00 00:00:00'),
(100, 9, 13, 1, '2019-05-24 17:35:28', '0000-00-00 00:00:00', 0, 0, '0000-00-00 00:00:00', '0000-00-00 00:00:00'),
(101, 9, 13, 1, '2019-05-24 18:03:31', '2019-05-24 18:06:26', 0, 0, '0000-00-00 00:00:00', '0000-00-00 00:00:00'),
(102, 9, 13, 1, '2019-05-24 18:06:39', '2019-05-24 18:08:59', 0, 0, '0000-00-00 00:00:00', '0000-00-00 00:00:00'),
(103, 9, 13, 1, '2019-05-24 18:10:56', '0000-00-00 00:00:00', 0, 0, '0000-00-00 00:00:00', '0000-00-00 00:00:00'),
(104, 9, 13, 1, '2019-05-24 18:12:27', '0000-00-00 00:00:00', 0, 0, '0000-00-00 00:00:00', '0000-00-00 00:00:00'),
(105, 9, 13, 1, '2019-05-25 09:51:31', '0000-00-00 00:00:00', 0, 0, '0000-00-00 00:00:00', '0000-00-00 00:00:00'),
(106, 9, 13, 1, '2019-05-25 09:58:52', '0000-00-00 00:00:00', 0, 0, '0000-00-00 00:00:00', '0000-00-00 00:00:00'),
(107, 9, 13, 2, '2019-05-25 10:11:57', '0000-00-00 00:00:00', 0, 0, '0000-00-00 00:00:00', '0000-00-00 00:00:00'),
(108, 9, 13, 1, '2019-05-25 10:13:13', '0000-00-00 00:00:00', 0, 0, '0000-00-00 00:00:00', '0000-00-00 00:00:00'),
(109, 9, 13, 2, '2019-05-25 10:16:30', '0000-00-00 00:00:00', 0, 0, '0000-00-00 00:00:00', '0000-00-00 00:00:00'),
(110, 9, 13, 2, '2019-05-25 10:20:57', '0000-00-00 00:00:00', 0, 0, '0000-00-00 00:00:00', '0000-00-00 00:00:00'),
(111, 9, 13, 1, '2019-05-25 11:19:49', '0000-00-00 00:00:00', 0, 0, '0000-00-00 00:00:00', '0000-00-00 00:00:00'),
(112, 9, 13, 1, '2019-05-25 11:25:23', '0000-00-00 00:00:00', 0, 0, '0000-00-00 00:00:00', '0000-00-00 00:00:00'),
(113, 9, 13, 1, '2019-05-25 11:51:04', '0000-00-00 00:00:00', 0, 0, '0000-00-00 00:00:00', '0000-00-00 00:00:00'),
(114, 9, 13, 2, '2019-05-25 11:51:37', '0000-00-00 00:00:00', 0, 0, '0000-00-00 00:00:00', '0000-00-00 00:00:00'),
(115, 9, 13, 1, '2019-05-25 12:04:45', '2019-05-25 12:18:27', 0, 0, '0000-00-00 00:00:00', '0000-00-00 00:00:00'),
(116, 9, 13, 2, '2019-05-25 12:16:32', '2019-05-25 12:19:45', 0, 0, '0000-00-00 00:00:00', '0000-00-00 00:00:00'),
(117, 9, 13, 1, '2019-05-25 12:19:56', '0000-00-00 00:00:00', 0, 0, '0000-00-00 00:00:00', '0000-00-00 00:00:00'),
(118, 9, 13, 2, '2019-05-25 12:26:00', '0000-00-00 00:00:00', 0, 0, '0000-00-00 00:00:00', '0000-00-00 00:00:00'),
(119, 9, 13, 2, '2019-05-25 12:27:07', '0000-00-00 00:00:00', 0, 0, '0000-00-00 00:00:00', '0000-00-00 00:00:00'),
(120, 9, 13, 2, '2019-05-25 12:28:52', '0000-00-00 00:00:00', 0, 0, '0000-00-00 00:00:00', '0000-00-00 00:00:00'),
(121, 9, 13, 2, '2019-05-25 12:42:15', '0000-00-00 00:00:00', 0, 0, '0000-00-00 00:00:00', '0000-00-00 00:00:00'),
(122, 9, 13, 2, '2019-05-25 12:48:40', '2019-05-25 12:51:29', 0, 0, '0000-00-00 00:00:00', '0000-00-00 00:00:00'),
(123, 9, 13, 2, '2019-05-25 13:03:20', '0000-00-00 00:00:00', 0, 0, '0000-00-00 00:00:00', '0000-00-00 00:00:00'),
(124, 9, 13, 2, '2019-05-25 13:06:19', '0000-00-00 00:00:00', 0, 0, '0000-00-00 00:00:00', '0000-00-00 00:00:00'),
(125, 9, 13, 2, '2019-05-25 13:12:37', '0000-00-00 00:00:00', 0, 0, '0000-00-00 00:00:00', '0000-00-00 00:00:00'),
(126, 9, 13, 2, '2019-05-25 13:23:52', '2019-05-25 13:25:43', 0, 0, '0000-00-00 00:00:00', '0000-00-00 00:00:00'),
(127, 9, 13, 1, '2019-05-25 14:09:06', '0000-00-00 00:00:00', 0, 0, '0000-00-00 00:00:00', '0000-00-00 00:00:00'),
(128, 9, 13, 1, '2019-05-25 14:18:44', '0000-00-00 00:00:00', 0, 0, '0000-00-00 00:00:00', '0000-00-00 00:00:00'),
(129, 9, 13, 1, '2019-05-25 14:26:05', '0000-00-00 00:00:00', 0, 0, '0000-00-00 00:00:00', '0000-00-00 00:00:00'),
(130, 9, 13, 1, '2019-05-25 15:33:50', '0000-00-00 00:00:00', 0, 0, '0000-00-00 00:00:00', '0000-00-00 00:00:00'),
(131, 9, 13, 1, '2019-05-25 15:39:49', '2019-05-25 15:47:18', 0, 0, '0000-00-00 00:00:00', '0000-00-00 00:00:00'),
(132, 9, 13, 1, '2019-05-25 15:50:19', '2019-05-25 15:52:12', 0, 0, '0000-00-00 00:00:00', '0000-00-00 00:00:00'),
(133, 9, 13, 1, '2019-05-25 15:52:27', '2019-05-25 15:54:35', 0, 0, '0000-00-00 00:00:00', '0000-00-00 00:00:00'),
(134, 9, 13, 1, '2019-05-25 15:58:40', '2019-05-25 16:01:26', 0, 0, '0000-00-00 00:00:00', '0000-00-00 00:00:00'),
(135, 9, 13, 1, '2019-05-25 17:04:46', '2019-05-25 17:40:41', 0, 0, '0000-00-00 00:00:00', '0000-00-00 00:00:00'),
(136, 9, 13, 1, '2019-05-25 17:19:33', '0000-00-00 00:00:00', 0, 0, '0000-00-00 00:00:00', '0000-00-00 00:00:00'),
(137, 9, 13, 1, '2019-05-25 17:22:54', '2019-05-25 17:58:58', 0, 0, '0000-00-00 00:00:00', '0000-00-00 00:00:00'),
(138, 9, 13, 1, '2019-05-25 18:13:53', '2019-05-25 18:20:47', 0, 0, '0000-00-00 00:00:00', '0000-00-00 00:00:00'),
(139, 9, 13, 1, '2019-05-25 18:33:26', '0000-00-00 00:00:00', 0, 0, '0000-00-00 00:00:00', '0000-00-00 00:00:00'),
(140, 9, 13, 1, '2019-05-25 21:52:52', '2019-05-25 22:16:04', 0, 0, '0000-00-00 00:00:00', '0000-00-00 00:00:00'),
(141, 9, 13, 1, '2019-05-25 22:17:45', '2019-05-25 22:33:23', 0, 0, '0000-00-00 00:00:00', '0000-00-00 00:00:00'),
(142, 9, 13, 1, '2019-05-25 22:33:40', '2019-05-25 22:47:12', 0, 0, '0000-00-00 00:00:00', '0000-00-00 00:00:00'),
(143, 9, 13, 1, '2019-05-25 23:02:10', '2019-05-25 23:21:49', 0, 0, '0000-00-00 00:00:00', '0000-00-00 00:00:00'),
(144, 9, 13, 1, '2019-05-25 23:22:41', '2019-05-25 23:41:54', 0, 0, '0000-00-00 00:00:00', '0000-00-00 00:00:00'),
(145, 9, 13, 1, '2019-05-26 09:43:45', '2019-05-26 10:16:53', 0, 0, '0000-00-00 00:00:00', '0000-00-00 00:00:00'),
(146, 9, 13, 1, '2019-05-26 10:52:18', '2019-05-26 11:02:58', 0, 0, '0000-00-00 00:00:00', '0000-00-00 00:00:00'),
(147, 9, 13, 1, '2019-05-26 13:23:30', '2019-05-26 13:33:12', 0, 0, '0000-00-00 00:00:00', '0000-00-00 00:00:00'),
(148, 9, 13, 1, '2019-05-27 06:49:00', '2019-05-27 06:55:03', 0, 0, '0000-00-00 00:00:00', '0000-00-00 00:00:00'),
(149, 9, 13, 1, '2019-05-27 12:13:54', '0000-00-00 00:00:00', 0, 0, '0000-00-00 00:00:00', '0000-00-00 00:00:00'),
(150, 9, 13, 1, '2019-05-27 12:26:31', '2019-05-27 12:42:17', 0, 0, '0000-00-00 00:00:00', '0000-00-00 00:00:00'),
(151, 8, 11, 9, '2019-05-27 13:17:11', '0000-00-00 00:00:00', 0, 0, '0000-00-00 00:00:00', '0000-00-00 00:00:00'),
(152, 9, 13, 1, '2019-05-27 14:45:15', '2019-05-27 15:00:32', 0, 0, '0000-00-00 00:00:00', '0000-00-00 00:00:00'),
(153, 10, 14, 1, '2019-05-27 19:17:13', '0000-00-00 00:00:00', 0, 0, '0000-00-00 00:00:00', '0000-00-00 00:00:00'),
(154, 10, 14, 1, '2019-05-27 19:19:54', '0000-00-00 00:00:00', 0, 0, '0000-00-00 00:00:00', '0000-00-00 00:00:00'),
(155, 10, 14, 1, '2019-05-27 19:24:23', '0000-00-00 00:00:00', 0, 0, '0000-00-00 00:00:00', '0000-00-00 00:00:00'),
(156, 10, 14, 2, '2019-05-27 19:39:51', '0000-00-00 00:00:00', 0, 0, '0000-00-00 00:00:00', '0000-00-00 00:00:00'),
(157, 9, 13, 1, '2019-05-28 06:20:31', '2019-05-28 06:31:21', 0, 0, '0000-00-00 00:00:00', '0000-00-00 00:00:00'),
(158, 9, 13, 1, '2019-05-28 06:32:05', '2019-05-28 06:38:15', 0, 0, '0000-00-00 00:00:00', '0000-00-00 00:00:00'),
(159, 10, 14, 1, '2019-05-28 12:30:43', '0000-00-00 00:00:00', 0, 0, '0000-00-00 00:00:00', '0000-00-00 00:00:00'),
(160, 10, 14, 1, '2019-05-28 12:30:45', '0000-00-00 00:00:00', 0, 0, '0000-00-00 00:00:00', '0000-00-00 00:00:00'),
(161, 8, 11, 9, '2019-05-28 12:46:05', '0000-00-00 00:00:00', 0, 0, '0000-00-00 00:00:00', '0000-00-00 00:00:00'),
(162, 9, 13, 1, '2019-05-28 14:24:43', '2019-05-28 14:39:26', 0, 0, '0000-00-00 00:00:00', '0000-00-00 00:00:00'),
(163, 9, 13, 1, '2019-05-28 14:41:20', '2019-05-28 14:55:53', 0, 0, '0000-00-00 00:00:00', '0000-00-00 00:00:00'),
(164, 10, 14, 1, '2019-05-28 15:05:56', '0000-00-00 00:00:00', 0, 0, '0000-00-00 00:00:00', '0000-00-00 00:00:00'),
(165, 10, 14, 1, '2019-05-28 15:05:57', '0000-00-00 00:00:00', 0, 0, '0000-00-00 00:00:00', '0000-00-00 00:00:00'),
(166, 10, 14, 1, '2019-05-28 15:42:09', '0000-00-00 00:00:00', 0, 0, '0000-00-00 00:00:00', '0000-00-00 00:00:00'),
(167, 10, 14, 1, '2019-05-28 16:08:20', '0000-00-00 00:00:00', 0, 0, '0000-00-00 00:00:00', '0000-00-00 00:00:00'),
(168, 10, 14, 2, '2019-05-28 16:11:23', '2019-05-28 16:29:42', 0, 0, '0000-00-00 00:00:00', '0000-00-00 00:00:00'),
(169, 10, 14, 1, '2019-05-28 16:36:51', '2019-05-28 16:58:38', 0, 0, '0000-00-00 00:00:00', '0000-00-00 00:00:00'),
(170, 10, 14, 1, '2019-05-28 17:01:27', '2019-05-28 17:17:02', 0, 0, '0000-00-00 00:00:00', '0000-00-00 00:00:00'),
(171, 10, 14, 1, '2019-05-28 17:23:07', '2019-05-28 17:38:43', 0, 0, '0000-00-00 00:00:00', '0000-00-00 00:00:00'),
(172, 10, 14, 2, '2019-05-28 17:40:13', '2019-05-28 17:57:44', 0, 0, '0000-00-00 00:00:00', '0000-00-00 00:00:00'),
(173, 10, 14, 1, '2019-05-28 18:01:31', '2019-05-28 18:15:52', 0, 0, '0000-00-00 00:00:00', '0000-00-00 00:00:00'),
(175, 8, 11, 9, '2019-05-29 09:32:57', '2019-05-29 10:56:32', 0, 0, '0000-00-00 00:00:00', '0000-00-00 00:00:00'),
(176, 10, 14, 1, '2019-05-29 12:19:29', '2019-05-29 12:27:10', 0, 0, '0000-00-00 00:00:00', '0000-00-00 00:00:00'),
(177, 10, 14, 1, '2019-05-29 12:28:54', '2019-05-29 12:42:21', 0, 0, '0000-00-00 00:00:00', '0000-00-00 00:00:00'),
(178, 10, 14, 1, '2019-05-29 12:48:55', '2019-05-29 13:05:00', 0, 0, '0000-00-00 00:00:00', '0000-00-00 00:00:00'),
(179, 10, 14, 1, '2019-05-29 12:59:40', '0000-00-00 00:00:00', 0, 0, '0000-00-00 00:00:00', '0000-00-00 00:00:00'),
(180, 10, 14, 1, '2019-05-29 13:16:33', '2019-05-29 13:47:14', 0, 0, '0000-00-00 00:00:00', '0000-00-00 00:00:00'),
(181, 9, 13, 1, '2019-05-29 13:31:36', '2019-05-29 13:33:59', 0, 0, '0000-00-00 00:00:00', '0000-00-00 00:00:00'),
(182, 10, 14, 1, '2019-05-29 16:58:48', '2019-05-29 17:03:11', 0, 0, '0000-00-00 00:00:00', '0000-00-00 00:00:00'),
(183, 10, 14, 1, '2019-05-29 19:09:03', '2019-05-29 19:16:12', 0, 0, '0000-00-00 00:00:00', '0000-00-00 00:00:00'),
(184, 10, 14, 1, '2019-05-30 13:13:48', '2019-05-30 13:23:31', 0, 0, '0000-00-00 00:00:00', '0000-00-00 00:00:00'),
(185, 10, 14, 1, '2019-05-30 20:20:51', '2019-05-30 20:38:08', 0, 0, '0000-00-00 00:00:00', '0000-00-00 00:00:00'),
(186, 10, 14, 1, '2019-05-30 20:39:31', '0000-00-00 00:00:00', 0, 0, '0000-00-00 00:00:00', '0000-00-00 00:00:00'),
(187, 10, 14, 1, '2019-05-30 20:45:13', '2019-05-30 21:30:29', 0, 0, '0000-00-00 00:00:00', '0000-00-00 00:00:00'),
(188, 8, 11, 6, '2019-05-31 09:47:03', '2019-05-31 10:11:03', 0, 0, '0000-00-00 00:00:00', '0000-00-00 00:00:00'),
(189, 10, 14, 1, '2019-05-31 11:04:44', '2019-05-31 11:13:42', 0, 0, '0000-00-00 00:00:00', '0000-00-00 00:00:00'),
(190, 10, 14, 1, '2019-05-31 11:16:42', '2019-05-31 11:23:24', 0, 0, '0000-00-00 00:00:00', '0000-00-00 00:00:00'),
(191, 10, 14, 1, '2019-05-31 11:24:45', '2019-05-31 11:36:46', 0, 0, '0000-00-00 00:00:00', '0000-00-00 00:00:00'),
(192, 10, 14, 1, '2019-05-31 11:35:33', '0000-00-00 00:00:00', 0, 0, '0000-00-00 00:00:00', '0000-00-00 00:00:00'),
(193, 10, 14, 1, '2019-05-31 11:43:56', '2019-05-31 11:55:19', 0, 0, '0000-00-00 00:00:00', '0000-00-00 00:00:00'),
(194, 10, 14, 1, '2019-05-31 13:33:34', '0000-00-00 00:00:00', 0, 0, '0000-00-00 00:00:00', '0000-00-00 00:00:00'),
(195, 10, 14, 1, '2019-05-31 13:43:35', '0000-00-00 00:00:00', 0, 0, '0000-00-00 00:00:00', '0000-00-00 00:00:00'),
(196, 10, 14, 1, '2019-05-31 13:56:02', '0000-00-00 00:00:00', 0, 0, '0000-00-00 00:00:00', '0000-00-00 00:00:00'),
(197, 10, 14, 1, '2019-05-31 14:04:42', '0000-00-00 00:00:00', 0, 0, '0000-00-00 00:00:00', '0000-00-00 00:00:00'),
(198, 8, 11, 7, '2019-05-31 18:55:28', '2019-05-31 20:52:50', 0, 0, '0000-00-00 00:00:00', '0000-00-00 00:00:00'),
(199, 9, 13, 1, '2019-06-01 19:40:24', '2019-06-01 19:59:45', 0, 0, '0000-00-00 00:00:00', '0000-00-00 00:00:00'),
(200, 8, 11, 9, '2019-06-01 20:04:48', '2019-06-01 20:46:21', 0, 0, '0000-00-00 00:00:00', '0000-00-00 00:00:00'),
(201, 9, 13, 1, '2019-06-01 22:04:29', '2019-06-01 22:43:14', 0, 0, '0000-00-00 00:00:00', '0000-00-00 00:00:00'),
(202, 9, 13, 1, '2019-06-02 12:11:34', '2019-06-02 12:57:19', 0, 0, '0000-00-00 00:00:00', '0000-00-00 00:00:00'),
(203, 10, 14, 1, '2019-06-02 15:16:28', '2019-06-02 16:01:41', 0, 0, '0000-00-00 00:00:00', '0000-00-00 00:00:00'),
(204, 10, 14, 1, '2019-06-02 16:52:23', '0000-00-00 00:00:00', 0, 0, '0000-00-00 00:00:00', '0000-00-00 00:00:00'),
(205, 10, 14, 1, '2019-06-02 17:12:46', '0000-00-00 00:00:00', 0, 0, '0000-00-00 00:00:00', '0000-00-00 00:00:00'),
(206, 10, 14, 1, '2019-06-02 17:17:42', '2019-06-02 17:51:11', 0, 0, '0000-00-00 00:00:00', '0000-00-00 00:00:00'),
(207, 8, 11, 6, '2019-06-02 20:25:55', '0000-00-00 00:00:00', 0, 0, '0000-00-00 00:00:00', '0000-00-00 00:00:00'),
(208, 10, 14, 1, '2019-06-02 21:07:21', '2019-06-02 21:12:22', 0, 0, '0000-00-00 00:00:00', '0000-00-00 00:00:00'),
(209, 7, 11, 2, '2019-06-03 09:30:57', '0000-00-00 00:00:00', 0, 0, '0000-00-00 00:00:00', '0000-00-00 00:00:00'),
(210, 12, 14, 1, '2019-06-03 10:58:14', '0000-00-00 00:00:00', 0, 0, '0000-00-00 00:00:00', '0000-00-00 00:00:00'),
(211, 12, 14, 1, '2019-06-03 11:02:22', '0000-00-00 00:00:00', 0, 0, '0000-00-00 00:00:00', '0000-00-00 00:00:00'),
(212, 12, 14, 1, '2019-06-03 11:14:05', '0000-00-00 00:00:00', 0, 0, '0000-00-00 00:00:00', '0000-00-00 00:00:00'),
(213, 10, 14, 1, '2019-06-03 11:18:44', '0000-00-00 00:00:00', 0, 0, '0000-00-00 00:00:00', '0000-00-00 00:00:00'),
(214, 11, 13, 1, '2019-06-03 11:23:25', '0000-00-00 00:00:00', 0, 0, '0000-00-00 00:00:00', '0000-00-00 00:00:00'),
(215, 11, 13, 1, '2019-06-03 12:29:01', '0000-00-00 00:00:00', 0, 0, '0000-00-00 00:00:00', '0000-00-00 00:00:00'),
(216, 12, 14, 1, '2019-06-03 12:37:35', '0000-00-00 00:00:00', 0, 0, '0000-00-00 00:00:00', '0000-00-00 00:00:00'),
(217, 12, 14, 1, '2019-06-03 12:40:09', '0000-00-00 00:00:00', 0, 0, '0000-00-00 00:00:00', '0000-00-00 00:00:00'),
(218, 10, 14, 1, '2019-06-03 12:40:47', '0000-00-00 00:00:00', 0, 0, '0000-00-00 00:00:00', '0000-00-00 00:00:00'),
(219, 11, 13, 1, '2019-06-03 13:07:51', '0000-00-00 00:00:00', 0, 0, '0000-00-00 00:00:00', '0000-00-00 00:00:00'),
(220, 12, 14, 1, '2019-06-03 13:09:28', '0000-00-00 00:00:00', 0, 0, '0000-00-00 00:00:00', '0000-00-00 00:00:00'),
(221, 10, 14, 1, '2019-06-03 13:26:52', '0000-00-00 00:00:00', 0, 0, '0000-00-00 00:00:00', '0000-00-00 00:00:00'),
(222, 12, 14, 1, '2019-06-03 13:29:58', '0000-00-00 00:00:00', 0, 0, '0000-00-00 00:00:00', '0000-00-00 00:00:00'),
(223, 11, 13, 1, '2019-06-03 14:01:07', '0000-00-00 00:00:00', 0, 0, '0000-00-00 00:00:00', '0000-00-00 00:00:00'),
(224, 7, 11, 2, '2019-06-03 14:17:54', '0000-00-00 00:00:00', 0, 0, '0000-00-00 00:00:00', '0000-00-00 00:00:00'),
(225, 12, 14, 1, '2019-06-03 14:18:10', '0000-00-00 00:00:00', 0, 0, '0000-00-00 00:00:00', '0000-00-00 00:00:00'),
(226, 7, 11, 2, '2019-06-03 14:23:14', '0000-00-00 00:00:00', 0, 0, '0000-00-00 00:00:00', '0000-00-00 00:00:00'),
(227, 7, 11, 1, '2019-06-03 15:04:58', '2019-06-03 15:06:31', 0, 0, '0000-00-00 00:00:00', '0000-00-00 00:00:00'),
(228, 7, 11, 2, '2019-06-03 15:19:11', '2019-06-03 15:38:57', 0, 0, '0000-00-00 00:00:00', '0000-00-00 00:00:00'),
(229, 7, 11, 2, '2019-06-03 15:48:15', '2019-06-03 15:50:56', 0, 0, '0000-00-00 00:00:00', '0000-00-00 00:00:00'),
(230, 7, 11, 2, '2019-06-03 16:24:54', '2019-06-03 16:52:58', 0, 0, '0000-00-00 00:00:00', '0000-00-00 00:00:00'),
(233, 7, 11, 1, '2019-06-04 08:28:35', '2019-06-04 08:46:56', 0, 0, '0000-00-00 00:00:00', '0000-00-00 00:00:00'),
(234, 8, 11, 7, '2019-06-04 08:55:01', '0000-00-00 00:00:00', 0, 0, '0000-00-00 00:00:00', '0000-00-00 00:00:00'),
(235, 7, 11, 9, '2019-06-04 13:32:07', '2019-06-04 17:32:40', 0, 0, '0000-00-00 00:00:00', '0000-00-00 00:00:00'),
(236, 10, 14, 1, '2019-06-04 15:22:55', '2019-06-04 15:56:27', 0, 0, '0000-00-00 00:00:00', '0000-00-00 00:00:00'),
(237, 12, 14, 1, '2019-06-04 16:39:35', '2019-06-04 17:48:40', 0, 0, '0000-00-00 00:00:00', '0000-00-00 00:00:00'),
(238, 7, 11, 1, '2019-06-04 17:57:53', '2019-06-04 17:59:49', 0, 0, '0000-00-00 00:00:00', '0000-00-00 00:00:00'),
(239, 7, 11, 2, '2019-06-05 08:18:58', '2019-06-05 08:19:04', 0, 0, '0000-00-00 00:00:00', '0000-00-00 00:00:00'),
(240, 7, 11, 2, '2019-06-05 08:20:28', '2019-06-05 08:22:22', 0, 0, '0000-00-00 00:00:00', '0000-00-00 00:00:00'),
(241, 7, 11, 1, '2019-06-05 08:25:59', '2019-06-05 08:28:51', 0, 0, '0000-00-00 00:00:00', '0000-00-00 00:00:00'),
(242, 7, 11, 1, '2019-06-05 08:29:32', '2019-06-05 08:31:57', 0, 0, '0000-00-00 00:00:00', '0000-00-00 00:00:00'),
(243, 7, 11, 2, '2019-06-05 09:06:52', '2019-06-05 09:10:13', 0, 0, '0000-00-00 00:00:00', '0000-00-00 00:00:00'),
(244, 9, 13, 1, '2019-06-05 09:55:46', '2019-06-05 10:12:12', 0, 0, '0000-00-00 00:00:00', '0000-00-00 00:00:00'),
(245, 9, 13, 1, '2019-06-05 10:14:16', '2019-06-05 10:35:01', 0, 0, '0000-00-00 00:00:00', '0000-00-00 00:00:00'),
(246, 11, 13, 1, '2019-06-05 13:11:07', '2019-06-07 15:08:57', 0, 0, '0000-00-00 00:00:00', '0000-00-00 00:00:00'),
(247, 8, 11, 9, '2019-06-06 12:44:53', '2019-06-06 13:48:26', 0, 0, '0000-00-00 00:00:00', '0000-00-00 00:00:00'),
(248, 7, 11, 9, '2019-06-07 08:31:38', '2019-06-07 08:47:18', 0, 0, '0000-00-00 00:00:00', '0000-00-00 00:00:00'),
(249, 8, 11, 9, '2019-06-07 10:28:24', '2019-06-07 10:33:10', 0, 0, '0000-00-00 00:00:00', '0000-00-00 00:00:00'),
(250, 7, 11, 9, '2019-06-07 14:32:33', '2019-06-07 14:38:26', 0, 0, '0000-00-00 00:00:00', '0000-00-00 00:00:00'),
(251, 7, 11, 1, '2019-06-07 14:48:32', '2019-06-07 15:29:23', 0, 0, '0000-00-00 00:00:00', '0000-00-00 00:00:00'),
(252, 7, 11, 2, '2019-06-07 15:34:09', '2019-06-07 15:36:26', 0, 0, '0000-00-00 00:00:00', '0000-00-00 00:00:00'),
(253, 7, 11, 2, '2019-06-07 15:38:01', '0000-00-00 00:00:00', 0, 0, '0000-00-00 00:00:00', '0000-00-00 00:00:00'),
(254, 7, 11, 1, '2019-06-07 15:39:22', '2019-06-07 15:42:05', 0, 0, '0000-00-00 00:00:00', '0000-00-00 00:00:00'),
(255, 10, 14, 1, '2019-06-08 02:10:42', '0000-00-00 00:00:00', 0, 0, '0000-00-00 00:00:00', '0000-00-00 00:00:00'),
(256, 10, 14, 1, '2019-06-08 02:13:18', '0000-00-00 00:00:00', 0, 0, '0000-00-00 00:00:00', '0000-00-00 00:00:00'),
(257, 10, 14, 1, '2019-06-08 02:30:37', '0000-00-00 00:00:00', 0, 0, '0000-00-00 00:00:00', '0000-00-00 00:00:00'),
(258, 10, 14, 2, '2019-06-09 13:57:50', '2019-06-09 14:10:41', 0, 0, '0000-00-00 00:00:00', '0000-00-00 00:00:00'),
(259, 8, 11, 9, '2019-06-10 11:34:05', '2019-06-10 11:50:21', 0, 0, '0000-00-00 00:00:00', '0000-00-00 00:00:00'),
(260, 10, 14, 1, '2019-06-10 15:52:30', '2019-06-10 16:05:38', 0, 0, '0000-00-00 00:00:00', '0000-00-00 00:00:00'),
(261, 10, 14, 1, '2019-06-10 16:36:59', '2019-06-10 16:49:22', 0, 0, '0000-00-00 00:00:00', '0000-00-00 00:00:00'),
(262, 10, 14, 1, '2019-06-10 16:49:52', '2019-06-10 17:35:05', 0, 0, '0000-00-00 00:00:00', '0000-00-00 00:00:00'),
(263, 10, 14, 1, '2019-06-11 10:21:47', '0000-00-00 00:00:00', 0, 0, '0000-00-00 00:00:00', '0000-00-00 00:00:00'),
(264, 10, 14, 1, '2019-06-11 10:21:47', '2019-06-11 11:07:09', 0, 0, '0000-00-00 00:00:00', '0000-00-00 00:00:00'),
(265, 8, 11, 9, '2019-06-11 10:39:38', '2019-06-11 16:07:08', 0, 0, '0000-00-00 00:00:00', '0000-00-00 00:00:00'),
(266, 9, 13, 1, '2019-06-11 18:17:09', '2019-06-11 18:28:31', 0, 0, '0000-00-00 00:00:00', '0000-00-00 00:00:00'),
(267, 9, 13, 1, '2019-06-11 18:28:58', '2019-06-11 19:01:35', 0, 0, '0000-00-00 00:00:00', '0000-00-00 00:00:00'),
(268, 9, 13, 1, '2019-06-12 08:00:41', '2019-06-12 08:18:51', 0, 0, '0000-00-00 00:00:00', '0000-00-00 00:00:00'),
(269, 7, 11, 1, '2019-06-13 16:17:35', '2019-06-13 16:18:18', 0, 0, '0000-00-00 00:00:00', '0000-00-00 00:00:00'),
(270, 7, 11, 1, '2019-06-13 16:18:35', '2019-06-13 16:18:54', 0, 0, '0000-00-00 00:00:00', '0000-00-00 00:00:00'),
(271, 7, 11, 1, '2019-06-13 16:21:10', '2019-06-13 16:22:27', 0, 0, '0000-00-00 00:00:00', '0000-00-00 00:00:00'),
(272, 7, 11, 1, '2019-06-14 14:59:12', '2019-06-14 15:03:14', 0, 0, '0000-00-00 00:00:00', '0000-00-00 00:00:00'),
(273, 7, 11, 1, '2019-06-14 15:16:10', '0000-00-00 00:00:00', 0, 0, '0000-00-00 00:00:00', '0000-00-00 00:00:00'),
(274, 7, 11, 1, '2019-06-14 15:23:16', '2019-06-14 15:25:43', 0, 0, '0000-00-00 00:00:00', '0000-00-00 00:00:00'),
(275, 9, 13, 2, '2019-06-15 13:34:32', '0000-00-00 00:00:00', 0, 0, '0000-00-00 00:00:00', '0000-00-00 00:00:00'),
(276, 9, 13, 2, '2019-06-15 13:37:33', '0000-00-00 00:00:00', 0, 0, '0000-00-00 00:00:00', '0000-00-00 00:00:00'),
(277, 9, 13, 2, '2019-06-15 14:15:20', '0000-00-00 00:00:00', 0, 0, '0000-00-00 00:00:00', '0000-00-00 00:00:00'),
(278, 9, 13, 1, '2019-06-16 13:32:42', '0000-00-00 00:00:00', 0, 0, '0000-00-00 00:00:00', '0000-00-00 00:00:00'),
(279, 9, 13, 1, '2019-06-16 13:43:33', '0000-00-00 00:00:00', 0, 0, '0000-00-00 00:00:00', '0000-00-00 00:00:00'),
(280, 11, 13, 1, '2019-06-16 16:36:25', '2019-06-16 16:58:33', 0, 0, '0000-00-00 00:00:00', '0000-00-00 00:00:00'),
(281, 11, 13, 1, '2019-06-16 17:01:18', '2019-06-16 17:18:03', 0, 0, '0000-00-00 00:00:00', '0000-00-00 00:00:00'),
(282, 8, 11, 7, '2019-06-16 18:42:05', '2019-06-16 19:00:51', 0, 0, '0000-00-00 00:00:00', '0000-00-00 00:00:00'),
(283, 11, 13, 1, '2019-06-16 20:09:23', '2019-06-16 20:14:09', 0, 0, '0000-00-00 00:00:00', '0000-00-00 00:00:00'),
(284, 8, 11, 6, '2019-06-16 21:30:59', '2019-06-16 21:43:43', 0, 0, '0000-00-00 00:00:00', '0000-00-00 00:00:00'),
(285, 7, 11, 1, '2019-06-18 07:53:15', '2019-06-18 07:53:35', 0, 0, '0000-00-00 00:00:00', '0000-00-00 00:00:00'),
(286, 8, 11, 7, '2019-06-18 19:45:19', '0000-00-00 00:00:00', 0, 0, '0000-00-00 00:00:00', '0000-00-00 00:00:00'),
(287, 7, 11, 9, '2019-06-19 13:15:22', '2019-06-20 15:25:33', 0, 0, '0000-00-00 00:00:00', '0000-00-00 00:00:00'),
(288, 8, 11, 8, '2019-06-19 16:08:56', '2019-06-19 18:53:40', 0, 0, '0000-00-00 00:00:00', '0000-00-00 00:00:00'),
(289, 9, 13, 1, '2019-06-19 17:37:43', '0000-00-00 00:00:00', 0, 0, '0000-00-00 00:00:00', '0000-00-00 00:00:00'),
(290, 9, 13, 1, '2019-06-19 17:44:15', '2019-06-19 18:26:40', 0, 0, '0000-00-00 00:00:00', '0000-00-00 00:00:00'),
(291, 10, 14, 1, '2019-06-19 17:45:59', '2019-06-19 18:31:26', 0, 0, '0000-00-00 00:00:00', '0000-00-00 00:00:00'),
(292, 8, 11, 7, '2019-06-19 19:47:25', '2019-06-19 21:11:03', 0, 0, '0000-00-00 00:00:00', '0000-00-00 00:00:00'),
(293, 8, 11, 6, '2019-06-20 11:13:18', '2019-06-20 11:19:29', 0, 0, '0000-00-00 00:00:00', '0000-00-00 00:00:00'),
(294, 10, 14, 1, '2019-06-20 14:01:55', '2019-06-20 14:08:42', 0, 0, '0000-00-00 00:00:00', '0000-00-00 00:00:00'),
(295, 10, 14, 1, '2019-06-20 15:08:14', '0000-00-00 00:00:00', 0, 0, '0000-00-00 00:00:00', '0000-00-00 00:00:00'),
(296, 10, 14, 1, '2019-06-20 15:17:07', '2019-06-20 16:02:26', 0, 0, '0000-00-00 00:00:00', '0000-00-00 00:00:00'),
(297, 7, 11, 9, '2019-06-21 14:00:43', '2019-06-21 14:35:09', 0, 0, '0000-00-00 00:00:00', '0000-00-00 00:00:00'),
(298, 11, 13, 1, '2019-06-21 17:09:23', '0000-00-00 00:00:00', 0, 0, '0000-00-00 00:00:00', '0000-00-00 00:00:00'),
(299, 11, 13, 1, '2019-06-21 17:11:47', '2019-06-21 17:57:01', 0, 0, '0000-00-00 00:00:00', '0000-00-00 00:00:00'),
(300, 9, 13, 1, '2019-06-22 10:22:20', '0000-00-00 00:00:00', 0, 0, '0000-00-00 00:00:00', '0000-00-00 00:00:00'),
(301, 9, 13, 1, '2019-06-22 10:29:55', '2019-06-22 10:34:26', 0, 0, '0000-00-00 00:00:00', '0000-00-00 00:00:00'),
(302, 9, 13, 1, '2019-06-22 10:34:48', '0000-00-00 00:00:00', 0, 0, '0000-00-00 00:00:00', '0000-00-00 00:00:00'),
(303, 9, 13, 1, '2019-06-22 10:39:40', '2019-06-22 11:25:08', 0, 0, '0000-00-00 00:00:00', '0000-00-00 00:00:00'),
(304, 9, 13, 2, '2019-06-23 10:36:43', '0000-00-00 00:00:00', 0, 0, '0000-00-00 00:00:00', '0000-00-00 00:00:00'),
(305, 11, 13, 1, '2019-06-23 10:39:17', '2019-06-23 10:52:58', 0, 0, '0000-00-00 00:00:00', '0000-00-00 00:00:00'),
(306, 10, 14, 1, '2019-06-23 19:13:25', '0000-00-00 00:00:00', 0, 0, '0000-00-00 00:00:00', '0000-00-00 00:00:00'),
(307, 10, 14, 1, '2019-06-23 19:59:59', '2019-06-23 20:45:15', 0, 0, '0000-00-00 00:00:00', '0000-00-00 00:00:00'),
(308, 7, 11, 1, '2019-06-24 13:42:34', '2019-06-24 13:43:30', 0, 0, '0000-00-00 00:00:00', '0000-00-00 00:00:00'),
(309, 7, 11, 2, '2019-06-24 13:43:45', '2019-06-24 13:43:54', 0, 0, '0000-00-00 00:00:00', '0000-00-00 00:00:00'),
(310, 7, 11, 1, '2019-06-24 15:26:07', '2019-06-25 09:05:05', 0, 0, '0000-00-00 00:00:00', '0000-00-00 00:00:00');

-- --------------------------------------------------------

--
-- Структура таблицы `session_action`
--

CREATE TABLE `session_action` (
  `session_action_id` int(11) NOT NULL,
  `session_id` int(11) NOT NULL,
  `action_type` text NOT NULL,
  `action_data` text NOT NULL,
  `action_time` timestamp NOT NULL DEFAULT '0000-00-00 00:00:00',
  `action_data_raw` int(11) DEFAULT NULL,
  `action_type_raw` text DEFAULT NULL
) ENGINE=InnoDB DEFAULT CHARSET=utf8;

--
-- Дамп данных таблицы `session_action`
--

INSERT INTO `session_action` (`session_action_id`, `session_id`, `action_type`, `action_data`, `action_time`, `action_data_raw`, `action_type_raw`) VALUES
(167, 251, 'TutorialFinish', 'TutorialTotal_90', '2019-06-07 14:50:37', 7575, 'TutorialTotal'),
(168, 251, 'VideoPreview', 'TotalTime_17', '2019-06-07 14:50:56', 8, 'TotalTime'),
(169, 251, 'FastForward', 'CurrentSessionTime_10', '2019-06-07 14:51:15', 5, 'CurrentSessionTime'),
(172, 251, 'VideoPreview', 'SessionEndsByClient', '2019-06-07 14:51:39', 1, 'SessionEndsByClient'),
(173, 251, 'TutorialStep', 'Seat_2', '2019-06-07 15:24:14', 5, 'Seat'),
(174, 251, 'TutorialStep', 'Chair_2', '2019-06-07 15:24:15', 24, 'Chair'),
(176, 251, 'TutorialStep', 'SexSelect_5', '2019-06-07 15:25:09', 87, 'SexSelect'),
(177, 251, 'TutorialStep', 'DisclaimerVR_3', '2019-06-07 15:25:12', 5, 'DisclaimerVR'),
(178, 251, 'TutorialStep', 'DisclaimerScreen_4', '2019-06-07 15:25:40', 7, 'DisclaimerScreen'),
(179, 251, 'TutorialFinish', 'TutorialTotal_103', '2019-06-07 15:25:41', 5, 'TutorialTotal'),
(181, 251, 'VideoPreview', 'TotalTime_19', '2019-06-07 15:26:00', 7, 'TotalTime'),
(182, 251, 'FastForward', 'CurrentSessionTime_11', '2019-06-07 15:26:19', 5, 'CurrentSessionTime'),
(185, 251, 'PartnerSwap', 'SexChange_Male', '2019-06-07 15:26:48', 0, 'PartnerSwap'),
(187, 251, 'TutorialStep', 'Chair_2', '2019-06-07 15:27:07', 54, 'Chair'),
(189, 251, 'TutorialStep', 'SexSelect_4', '2019-06-07 15:27:49', 584, 'SexSelect'),
(191, 251, 'TutorialStep', 'DisclaimerScreen_3', '2019-06-07 15:28:31', 56, 'DisclaimerScreen'),
(192, 251, 'TutorialFinish', 'TutorialTotal_103', '2019-06-07 15:28:31', 1, 'TutorialTotal'),
(193, 251, 'VideoPreview', 'TotalTime_13', '2019-06-07 15:28:45', 3, 'TotalTime'),
(195, 251, 'CinemaExit', 'TotalTime_13', '2019-06-07 15:29:09', 4, 'TotalTimeExit'),
(196, 251, 'PartnerSwap', 'SexChange_Male', '2019-06-07 15:29:11', 1, 'PartnerSwap'),
(197, 251, 'VideoPreview', 'SessionEndsByClient', '2019-06-07 15:29:16', 1, 'SessionEndsByClient'),
(200, 252, 'TutorialStep', 'DisclaimerVR_3', '2019-06-07 15:35:03', 3, 'DisclaimerVR'),
(201, 252, 'TutorialFinish', 'TutorialTotal_51', '2019-06-07 15:35:04', 45, 'TutorialTotal'),
(202, 252, 'CategorySelected', 'ID_0', '2019-06-07 15:35:26', 0, NULL),
(205, 252, 'CinemaExit', 'TotalTime_22', '2019-06-07 15:36:08', 4, 'TotalTimeExit'),
(206, 252, 'VideoPreview', 'SessionEndsByClient', '2019-06-07 15:36:19', 1, 'SessionEndsByClient'),
(211, 254, 'TutorialFinish', 'TutorialTotal_48', '2019-06-07 15:40:13', NULL, 'TutorialTotal'),
(212, 254, 'TutorialStep', 'DisclaimerVR_3', '2019-06-07 15:40:13', 1, 'DisclaimerVR'),
(213, 254, 'CategorySelected', 'ID_0', '2019-06-07 15:40:23', 0, NULL),
(214, 254, 'CategorySelected', 'ID_7', '2019-06-07 15:40:26', 7, NULL),
(215, 254, 'CategorySelected', 'ID_999', '2019-06-07 15:40:34', 999, NULL),
(216, 254, 'CategorySelected', 'ID_30', '2019-06-07 15:41:22', 30, NULL),
(217, 254, 'CategorySelected', 'ID_1', '2019-06-07 15:41:25', NULL, NULL),
(218, 254, 'CategorySelected', 'ID_8', '2019-06-07 15:41:29', NULL, NULL),
(219, 254, 'AppClosed', 'AppClosed_110', '2019-06-07 15:42:06', 2, 'AppClosed'),
(225, 256, 'ChairButton', 'Left', '2019-06-08 02:13:44', 1, 'ChairButton'),
(227, 256, 'TutorialStep', 'Seat_14', '2019-06-08 02:13:48', 5, 'Seat'),
(233, 256, 'ChairButton', 'Left', '2019-06-08 02:24:14', 1, 'ChairButton'),
(238, 256, 'ChairButton', 'Left', '2019-06-08 02:24:53', 1, 'ChairButton'),
(241, 256, 'ChairButton', 'Left', '2019-06-08 02:24:59', 1, 'ChairButton'),
(245, 256, 'ChairButton', 'Left', '2019-06-08 02:25:03', 1, 'ChairButton'),
(246, 256, 'ChairButton', 'Right', '2019-06-08 02:25:04', 2, 'ChairButton'),
(247, 256, 'ChairButton', 'Left', '2019-06-08 02:25:04', 1, 'ChairButton'),
(248, 256, 'ChairButton', 'Right', '2019-06-08 02:25:05', 2, 'ChairButton'),
(249, 256, 'ChairButton', 'Left', '2019-06-08 02:25:05', 1, 'ChairButton'),
(250, 256, 'ChairButton', 'Right', '2019-06-08 02:25:06', 2, 'ChairButton'),
(251, 256, 'ChairButton', 'Right', '2019-06-08 02:25:06', 2, 'ChairButton'),
(252, 256, 'ChairButton', 'Right', '2019-06-08 02:25:08', 2, 'ChairButtonм'),
(253, 257, 'ChairButton', 'Right', '2019-06-08 02:31:18', 2, 'ChairButton'),
(254, 257, 'ChairButton', 'Right', '2019-06-08 02:31:23', 2, 'ChairButton'),
(256, 257, 'TutorialStep', 'Ajust_5', '2019-06-08 02:31:33', 54, 'Ajust'),
(260, 257, 'TutorialFinish', 'TutorialTotal_104', '2019-06-08 02:32:32', NULL, 'TutorialTotal'),
(261, 257, 'TutorialStep', 'DisclaimerVR_4', '2019-06-08 02:32:32', 5, 'DisclaimerVR'),
(264, 257, 'PageChange', 'Lower', '2019-06-08 02:34:34', 1, 'PageChange'),
(265, 257, 'PageChange', 'Lower', '2019-06-08 02:34:43', 1, 'PageChange'),
(266, 257, 'PageChange', 'Lower', '2019-06-08 02:34:57', 1, 'PageChange'),
(267, 257, 'PageChange', 'Lower\r\n', '2019-06-08 02:35:29', 1, 'PageChange'),
(268, 257, 'PageChange', 'Round', '2019-06-08 02:35:37', 1, 'PageChange'),
(269, 257, 'PageChange', 'Upper', '2019-06-08 02:35:53', 1, 'PageChange'),
(270, 257, 'PageChange', 'Round', '2019-06-08 02:36:16', 1, 'PageChange'),
(271, 257, 'CategorySelected', 'ID_0', '2019-06-08 02:36:41', 0, NULL),
(272, 257, 'CategorySelected', 'ID_30', '2019-06-08 02:37:20', 30, NULL),
(273, 257, 'PageChange', 'Round', '2019-06-08 02:37:37', 1, 'PageChange'),
(274, 257, 'PageChange', 'Upper', '2019-06-08 02:37:45', 1, 'PageChange'),
(275, 257, 'PageChange', 'Round', '2019-06-08 02:38:17', 1, 'PageChange'),
(277, 257, 'CinemaExit', 'TotalTime_14', '2019-06-08 02:39:37', 54, 'TotalTimeExit'),
(278, 257, 'VideoPreview', 'TotalTime_16', '2019-06-08 02:39:53', 7, 'TotalTime'),
(308, 257, 'VideoPreview', 'TotalTime_10', '2019-06-08 02:49:55', 4, 'TotalTime'),
(327, 258, 'TutorialStep', 'Seat_2', '2019-06-09 13:58:03', 21, 'Seat'),
(328, 258, 'TutorialStep', 'Ajust_5', '2019-06-09 13:58:09', 54, 'Ajust'),
(333, 258, 'TutorialFinish', 'TutorialTotal_170', '2019-06-09 14:00:46', 45, 'TutorialTotal'),
(336, 258, 'CategorySelected', 'ID_0', '2019-06-09 14:02:51', 0, NULL),
(337, 258, 'VideoPreview', 'TotalTime_158', '2019-06-09 14:03:23', 6, 'TotalTime'),
(351, 258, 'VideoPreview', 'SessionEndsByClient', '2019-06-09 14:10:40', 1, 'SessionEndsByClient'),
(353, 259, 'TutorialStep', 'Chair_8', '2019-06-10 11:34:39', 54, 'Chair'),
(354, 259, 'TutorialStep', 'Ajust_15', '2019-06-10 11:34:54', 2, 'Ajust'),
(358, 259, 'TutorialFinish', 'TutorialTotal_147', '2019-06-10 11:36:37', NULL, 'TutorialTotal'),
(370, 259, 'CinemaExit', 'TotalTime_128', '2019-06-10 11:40:21', 5, 'TotalTimeExit'),
(371, 259, 'PartnerSwap', 'SexChange_Female', '2019-06-10 11:40:50', 1, 'PartnerSwap'),
(372, 259, 'AppClosed', 'AppClosed_73', '2019-06-10 11:42:05', 5, 'AppClosed'),
(373, 259, 'TutorialStep', 'Seat_2', '2019-06-10 11:42:58', 15, 'Seat'),
(374, 259, 'TutorialStep', 'Chair_12', '2019-06-10 11:43:10', 5, 'Chair'),
(375, 259, 'TutorialStep', 'Ajust_18', '2019-06-10 11:43:27', 5, 'Ajust'),
(376, 259, 'TutorialStep', 'DisclaimerScreen_33', '2019-06-10 11:45:18', 7, 'DisclaimerScreen'),
(380, 259, 'TutorialStep', 'SexSelect_5', '2019-06-10 11:45:48', 5, 'SexSelect'),
(381, 259, 'TutorialStep', 'DisclaimerVR_3', '2019-06-10 11:45:50', 1, 'DisclaimerVR'),
(382, 259, 'TutorialFinish', 'TutorialTotal_188', '2019-06-10 11:45:50', 7, 'TutorialTotal'),
(384, 259, 'VideoPreview', 'SessionEndsByClient', '2019-06-10 11:46:05', 1, 'SessionEndsByClient'),
(388, 259, 'CinemaExit', 'TotalTime_133', '2019-06-10 11:49:23', 23, 'TotalTimeExit'),
(389, 259, 'VideoPreview', 'SessionEndsByClient', '2019-06-10 11:49:51', 1, 'SessionEndsByClient'),
(390, 259, 'VideoPreview', 'SessionEndsByClient', '2019-06-10 11:49:52', 1, 'SessionEndsByClient'),
(391, 259, 'AppClosed', 'AppClosed_7', '2019-06-10 11:50:22', 1, 'AppClosed'),
(392, 260, 'TutorialStep', 'Seat_2', '2019-06-10 15:52:40', 544, 'Seat'),
(410, 260, 'TutorialFinish', 'TutorialTotal_252', '2019-06-10 15:56:45', NULL, 'TutorialTotal'),
(426, 260, 'VideoPreview', 'SessionEndsByClient', '2019-06-10 16:05:37', 1, 'SessionEndsByClient'),
(431, 261, 'TutorialStep', 'DisclaimerVR_3', '2019-06-10 16:38:25', 4, 'DisclaimerVR'),
(432, 261, 'TutorialFinish', 'TutorialTotal_84', '2019-06-10 16:38:26', 771, 'TutorialTotal'),
(435, 261, 'VideoPreview', 'TotalTime_158', '2019-06-10 16:41:04', 6, 'TotalTime'),
(448, 261, 'FastForward', 'CurrentSessionTime_114', '2019-06-10 16:43:24', 3, 'CurrentSessionTime'),
(454, 261, 'CinemaExit', 'TotalTime_183', '2019-06-10 16:44:33', 5, 'TotalTimeExit'),
(455, 261, 'VideoPreview', 'TotalTime_24', '2019-06-10 16:44:57', 3, 'TotalTime'),
(466, 261, 'VideoPreview', 'SessionEndsByClient', '2019-06-10 16:49:20', 1, 'SessionEndsByClient'),
(476, 264, 'TutorialStep', 'Ajust_36', '2019-06-11 10:23:52', 54, 'Ajust'),
(482, 264, 'TutorialFinish', 'TutorialTotal_215', '2019-06-11 10:25:24', NULL, 'TutorialTotal'),
(488, 264, 'ChairButton', 'Left', '2019-06-11 10:34:02', 1, 'ChairButton'),
(507, 264, 'ChairButton', 'Right', '2019-06-11 10:41:22', 2, 'ChairButton'),
(508, 264, 'VideoPreview', 'TotalTime_203', '2019-06-11 10:41:32', 3, 'TotalTime'),
(509, 264, 'ChairButton', 'Right', '2019-06-11 10:43:22', 2, 'ChairButton'),
(510, 264, 'FastForward', 'CurrentSessionTime_111', '2019-06-11 10:43:25', 8, 'CurrentSessionTime'),
(511, 264, 'FastForward', 'CurrentSessionTime_114', '2019-06-11 10:43:29', 5, 'CurrentSessionTime'),
(512, 264, 'FastForward', 'CurrentSessionTime_117', '2019-06-11 10:43:31', 8, 'CurrentSessionTime'),
(515, 264, 'CinemaExit', 'TotalTime_141', '2019-06-11 10:43:56', 234, 'TotalTimeExit'),
(518, 264, 'PageChange', 'Round', '2019-06-11 10:44:32', 1, 'PageChange'),
(519, 264, 'PageChange', 'Round', '2019-06-11 10:44:35', 1, 'PageChange'),
(550, 265, 'TutorialStep', 'Chair_6', '2019-06-11 12:22:03', 544, 'Chair'),
(551, 265, 'TutorialStep', 'Ajust_5', '2019-06-11 12:22:07', 659, 'Ajust'),
(553, 265, 'TutorialStep', 'DisclaimerScreen_35', '2019-06-11 12:24:00', 9, 'DisclaimerScreen'),
(556, 265, 'TutorialStep', 'SexSelect_9', '2019-06-11 12:24:48', 54, 'SexSelect'),
(557, 265, 'TutorialFinish', 'TutorialTotal_245', '2019-06-11 12:24:57', NULL, 'TutorialTotal'),
(566, 265, 'FastForward', 'CurrentSessionTime_100', '2019-06-11 12:28:00', 6, 'CurrentSessionTime'),
(567, 265, 'FastForward', 'CurrentSessionTime_102', '2019-06-11 12:28:02', 2, 'CurrentSessionTime'),
(568, 265, 'CinemaExit', 'TotalTime_158', '2019-06-11 12:28:58', 3, 'TotalTimeExit'),
(569, 265, 'VideoPreview', 'SessionEndsByClient', '2019-06-11 12:29:03', 1, 'SessionEndsByClient'),
(578, 269, 'TutorialStep', 'Ajust_5', '2019-06-13 16:18:07', 54, 'Ajust'),
(579, 269, 'AppClosed', 'AppClosed_29', '2019-06-13 16:18:18', 5, 'AppClosed'),
(580, 270, 'TutorialStep', 'Seat_2', '2019-06-13 16:18:45', 123, 'Seat'),
(581, 270, 'AppClosed', 'AppClosed_16', '2019-06-13 16:18:54', 5, 'AppClosed'),
(582, 271, 'TutorialStep', 'Seat_2', '2019-06-13 16:21:20', 48, 'Seat'),
(583, 271, 'TutorialStep', 'Ajust_5', '2019-06-13 16:21:27', 4, 'Ajust'),
(584, 271, 'TutorialStep', 'DisclaimerVR_3', '2019-06-13 16:22:02', 2, 'DisclaimerVR'),
(585, 271, 'TutorialFinish', 'TutorialTotal_49', '2019-06-13 16:22:03', NULL, 'TutorialTotal'),
(586, 271, 'PageChange', 'Round', '2019-06-13 16:22:17', 1, 'PageChange'),
(588, 271, 'AppClosed', 'AppClosed_19', '2019-06-13 16:22:24', 6, 'AppClosed'),
(590, 272, 'TutorialStep', 'Ajust_27', '2019-06-14 15:00:01', 541, 'Ajust'),
(591, 272, 'AppClosed', 'AppClosed_234', '2019-06-14 15:03:15', 9, 'AppClosed'),
(593, 274, 'TutorialStep', 'Ajust_5', '2019-06-14 15:23:36', 4, 'Ajust'),
(597, 274, 'TutorialStep', 'DisclaimerVR_3', '2019-06-14 15:24:13', 6, 'DisclaimerVR'),
(598, 274, 'TutorialFinish', 'TutorialTotal_54', '2019-06-14 15:24:13', NULL, 'TutorialTotal'),
(604, 274, 'CinemaExit', 'TotalTime_10', '2019-06-14 15:25:26', 6, 'TotalTimeExit'),
(605, 274, 'VideoPreview', 'SessionEndsByClient', '2019-06-14 15:25:35', 1, 'SessionEndsByClient'),
(606, 274, 'VideoPreview', 'SessionEndsByClient', '2019-06-14 15:25:37', 1, 'SessionEndsByClient'),
(608, 287, 'TutorialStep', 'Chair_2', '2019-06-19 13:15:53', 54, 'Chair'),
(609, 287, 'TutorialStep', 'Ajust_5', '2019-06-19 13:15:57', 44, 'Ajust'),
(612, 287, 'TutorialStep', 'DisclaimerScreen_16', '2019-06-19 13:17:30', 1, 'DisclaimerScreen'),
(616, 287, 'TutorialStep', 'SexSelect_3', '2019-06-19 13:17:59', 5, 'SexSelect'),
(617, 287, 'TutorialFinish', 'TutorialTotal_153', '2019-06-19 13:18:02', NULL, 'TutorialTotal'),
(618, 287, 'TutorialStep', 'DisclaimerVR_3', '2019-06-19 13:18:02', 2, 'DisclaimerVR'),
(627, 287, 'VideoPreview', 'SessionEndsByClient', '2019-06-19 13:20:08', 1, 'SessionEndsByClient'),
(628, 287, 'VideoPreview', 'SessionEndsByClient', '2019-06-19 13:20:08', 1, 'SessionEndsByClient'),
(630, 287, 'TutorialStep', 'Chair_6', '2019-06-19 14:07:48', 55, 'Chair'),
(631, 287, 'TutorialStep', 'Ajust_21', '2019-06-19 14:08:10', 4, 'Ajust'),
(636, 287, 'TutorialStep', 'DisclaimerScreen_37', '2019-06-19 14:10:05', 0, 'DisclaimerScreen'),
(638, 287, 'TutorialStep', 'SexSelect_5', '2019-06-19 14:10:13', 5, 'SexSelect'),
(639, 287, 'TutorialFinish', 'TutorialTotal_175', '2019-06-19 14:10:19', NULL, 'TutorialTotal'),
(651, 287, 'CinemaExit', 'TotalTime_171', '2019-06-19 14:15:12', 66, 'TotalTimeExit'),
(652, 287, 'VideoPreview', 'SessionEndsByClient', '2019-06-19 14:43:40', 1, 'SessionEndsByClient'),
(657, 291, 'TutorialFinish', 'TutorialTotal_152', '2019-06-19 17:48:38', 7575, 'TutorialTotal'),
(658, 291, 'TutorialStep', 'DisclaimerVR_12', '2019-06-19 17:48:38', 1, 'DisclaimerVR'),
(660, 291, 'CategorySelected', 'ID_0', '2019-06-19 17:49:21', 0, NULL),
(661, 291, 'CategorySelected', 'ID_11', '2019-06-19 17:49:24', 11, NULL),
(662, 291, 'CategorySelected', 'ID_11', '2019-06-19 17:49:26', 11, NULL),
(663, 291, 'CategorySelected', 'ID_11', '2019-06-19 17:49:27', 11, NULL),
(664, 291, 'CategorySelected', 'ID_11', '2019-06-19 17:50:06', 11, NULL),
(665, 291, 'VideoPreview', 'TotalTime_127', '2019-06-19 17:50:45', 4, 'TotalTime'),
(667, 291, 'FastForward', 'CurrentSessionTime_107', '2019-06-19 17:52:58', 7, 'CurrentSessionTime'),
(668, 291, 'FastForward', 'CurrentSessionTime_109', '2019-06-19 17:53:00', 2, 'CurrentSessionTime'),
(669, 291, 'FastForward', 'CurrentSessionTime_113', '2019-06-19 17:53:04', 2, 'CurrentSessionTime'),
(701, 291, 'CategorySelected', 'ID_0', '2019-06-19 18:02:56', 0, NULL),
(741, 291, 'CategorySelected', 'ID_0', '2019-06-19 18:13:07', NULL, NULL),
(770, 291, 'FastForward', 'CurrentSessionTime_104', '2019-06-19 18:15:14', 9, 'CurrentSessionTime'),
(771, 291, 'FastForward', 'CurrentSessionTime_106', '2019-06-19 18:15:16', 8, 'CurrentSessionTime'),
(772, 291, 'FastForward', 'CurrentSessionTime_108', '2019-06-19 18:15:17', 1, 'CurrentSessionTime'),
(773, 291, 'FastForward', 'CurrentSessionTime_110', '2019-06-19 18:15:19', 44, 'CurrentSessionTime'),
(774, 291, 'FastForward', 'CurrentSessionTime_113', '2019-06-19 18:15:22', 5, 'CurrentSessionTime'),
(784, 294, 'TutorialFinish', 'TutorialTotal_226', '2019-06-20 14:05:44', 20, 'TutorialTotal'),
(788, 294, 'VideoPreview', 'SessionEndsByClient', '2019-06-20 14:08:35', 1, 'SessionEndsByClient'),
(789, 294, 'VideoPreview', 'SessionEndsByClient', '2019-06-20 14:08:36', 1, 'SessionEndsByClient'),
(790, 294, 'VideoPreview', 'SessionEndsByClient', '2019-06-20 14:08:39', 1, 'SessionEndsByClient'),
(806, 296, 'TutorialStep', 'Ajust_13', '2019-06-20 15:17:45', 54, 'Ajust'),
(813, 297, 'TutorialStep', 'Seat_13', '2019-06-21 14:01:14', 21, 'Seat'),
(814, 297, 'TutorialStep', 'Chair_2', '2019-06-21 14:01:16', 51, 'Chair'),
(818, 297, 'TutorialStep', 'SexSelect_3', '2019-06-21 14:02:37', 54, 'SexSelect'),
(819, 297, 'TutorialStep', 'DisclaimerVR_2', '2019-06-21 14:02:39', 2, 'DisclaimerVR'),
(820, 297, 'TutorialFinish', 'TutorialTotal_120', '2019-06-21 14:02:46', NULL, 'TutorialTotal'),
(821, 297, 'TutorialStep', 'DisclaimerScreen_5', '2019-06-21 14:02:47', 6, 'DisclaimerScreen'),
(823, 297, 'PageChange', 'Upper', '2019-06-21 14:03:28', 1, 'PageChange'),
(842, 297, 'AppClosed', 'AppClosed_241', '2019-06-21 14:08:05', 4, 'AppClosed'),
(843, 297, 'TutorialStep', 'Seat_2', '2019-06-21 14:09:35', 5874, 'Seat'),
(844, 297, 'TutorialStep', 'Chair_2', '2019-06-21 14:09:36', 4, 'Chair'),
(846, 297, 'TutorialStep', 'SexSelect_3', '2019-06-21 14:10:17', 223, 'SexSelect'),
(847, 297, 'TutorialStep', 'DisclaimerVR_3', '2019-06-21 14:10:19', 1, 'DisclaimerVR'),
(848, 297, 'TutorialStep', 'DisclaimerScreen_17', '2019-06-21 14:11:17', 23, 'DisclaimerScreen'),
(849, 297, 'TutorialFinish', 'TutorialTotal_116', '2019-06-21 14:11:17', NULL, 'TutorialTotal'),
(853, 297, 'FastForward', 'CurrentSessionTime_10', '2019-06-21 14:12:26', 9, 'CurrentSessionTime'),
(854, 297, 'AppClosed', 'AppClosed_51', '2019-06-21 14:13:07', 3, 'AppClosed'),
(856, 297, 'TutorialStep', 'Chair_2', '2019-06-21 14:16:29', 54, 'Chair'),
(857, 297, 'TutorialStep', 'Ajust_5', '2019-06-21 14:16:33', 544, 'Ajust'),
(863, 297, 'TutorialStep', 'SexSelect_3', '2019-06-21 14:17:14', 54, 'SexSelect'),
(864, 297, 'TutorialStep', 'DisclaimerVR_2', '2019-06-21 14:17:16', 3, 'DisclaimerVR'),
(865, 297, 'TutorialStep', 'DisclaimerScreen_4', '2019-06-21 14:17:54', 9, 'DisclaimerScreen'),
(866, 297, 'TutorialFinish', 'TutorialTotal_105', '2019-06-21 14:17:54', 45, 'TutorialTotal'),
(881, 297, 'VideoPreview', 'TotalTime_12', '2019-06-21 14:20:18', 7, 'TotalTime'),
(884, 297, 'FastForward', 'CurrentSessionTime_11', '2019-06-21 14:20:32', 3, 'CurrentSessionTime'),
(906, 297, 'FastForward', 'CurrentSessionTime_101', '2019-06-21 14:22:02', 9, 'CurrentSessionTime'),
(907, 297, 'FastForward', 'CurrentSessionTime_102', '2019-06-21 14:22:04', 5, 'CurrentSessionTime'),
(908, 297, 'AppClosed', 'AppClosed_863', '2019-06-21 14:35:13', 8, 'AppClosed'),
(910, 306, 'TutorialStep', 'Ajust_161', '2019-06-23 19:16:34', 854, 'Ajust'),
(921, 306, 'TutorialFinish', 'TutorialTotal_242', '2019-06-23 19:17:37', NULL, 'TutorialTotal'),
(966, 306, 'CategorySelected', 'ID_0', '2019-06-23 19:19:45', 0, NULL),
(979, 306, 'VideoPreview', 'TotalTime_15', '2019-06-23 19:24:56', 5, 'TotalTime'),
(983, 306, 'CinemaExit', 'TotalTime_1374', '2019-06-23 19:47:53', 53, 'TotalTimeExit'),
(984, 306, 'VideoPreview', 'TotalTime_19', '2019-06-23 19:48:13', 6, 'TotalTime'),
(1007, 307, 'ChairButton', 'Left', '2019-06-23 20:00:28', 1, 'ChairButton'),
(1009, 307, 'ChairButton', 'Left', '2019-06-23 20:00:29', 1, 'ChairButton'),
(1011, 307, 'ChairButton', 'Left', '2019-06-23 20:00:30', 1, 'ChairButton'),
(1013, 307, 'ChairButton', 'Left', '2019-06-23 20:00:31', 1, 'ChairButton'),
(1014, 307, 'ChairButton', 'Right', '2019-06-23 20:00:32', 2, 'ChairButton'),
(1015, 307, 'ChairButton', 'Left', '2019-06-23 20:00:32', 1, 'ChairButton'),
(1016, 307, 'ChairButton', 'Right', '2019-06-23 20:00:33', 2, 'ChairButton'),
(1017, 307, 'ChairButton', 'Right', '2019-06-23 20:00:33', 2, 'ChairButton'),
(1018, 307, 'ChairButton', 'Right', '2019-06-23 20:00:34', 2, 'ChairButton'),
(1019, 307, 'ChairButton', 'Right', '2019-06-23 20:00:34', 2, 'ChairButton'),
(1020, 307, 'ChairButton', 'Right', '2019-06-23 20:00:37', 2, 'ChairButton'),
(1021, 307, 'ChairButton', 'Right', '2019-06-23 20:00:48', 2, 'ChairButton'),
(1022, 307, 'ChairButton', 'Right', '2019-06-23 20:00:53', 2, 'ChairButton'),
(1023, 307, 'ChairButton', 'Right', '2019-06-23 20:00:54', 2, 'ChairButton'),
(1025, 307, 'TutorialFinish', 'TutorialTotal_59', '2019-06-23 20:01:00', 12, 'TutorialTotal'),
(1026, 307, 'TutorialStep', 'DisclaimerVR_3', '2019-06-23 20:01:01', 4, 'DisclaimerVR'),
(1051, 307, 'FastForward', 'CurrentSessionTime_102', '2019-06-23 20:04:05', 4, 'CurrentSessionTime'),
(1053, 307, 'CinemaExit', 'TotalTime_1005', '2019-06-23 20:19:09', 6, 'TotalTimeExit'),
(1054, 0, 'TutorialStep', 'Seat_113', '2019-06-24 12:49:26', 654, 'Seat'),
(1055, 0, 'TutorialStep', 'Chair_3', '2019-06-24 12:49:28', 5424, 'Chair'),
(1062, 0, 'TutorialStep', 'SexSelect_7', '2019-06-24 12:51:33', 87, 'SexSelect'),
(1063, 0, 'TutorialFinish', 'TutorialTotal_263', '2019-06-24 12:51:41', NULL, 'TutorialTotal'),
(1076, 0, 'PartnerSwap', 'SexChange_Male', '2019-06-24 13:06:04', 0, 'PartnerSwap'),
(1078, 0, 'TutorialStep', 'Chair_2', '2019-06-24 13:06:24', 2, 'Chair'),
(1079, 0, 'TutorialStep', 'Ajust_5', '2019-06-24 13:06:28', 78, 'Ajust'),
(1082, 0, 'TutorialStep', 'SexSelect_4', '2019-06-24 13:07:26', 48, 'SexSelect'),
(1084, 0, 'TutorialFinish', 'TutorialTotal_130', '2019-06-24 13:08:15', 56, 'TutorialTotal'),
(1085, 0, 'TutorialStep', 'DisclaimerScreen_29', '2019-06-24 13:08:16', 45, 'DisclaimerScreen'),
(1087, 0, 'VideoPreview', 'TotalTime_123', '2019-06-24 13:10:19', 9, 'TotalTime'),
(1091, 0, 'AppClosed', 'AppClosed_6277', '2019-06-24 15:03:43', 2, 'AppClosed'),
(1093, 310, 'VideoPreview', 'SessionEndsByClient', '2019-06-24 15:27:44', 1, 'SessionEndsByClient'),
(1094, 265, 'TutorialStep', 'BeforeRefuse', '2019-06-11 12:24:48', 20, 'BeforeRefuse'),
(1095, 265, 'TutorialStep', 'BeforeRefuse', '2019-06-12 12:24:48', 40, 'BeforeRefuse'),
(1096, 265, 'TutorialStep', 'BeforeRefuse', '2019-10-11 12:24:48', 500, 'BeforeRefuse'),
(1097, 261, 'VideoPreview', 'Preview', '2019-06-10 16:49:20', 1, 'Preview'),
(1098, 261, 'VideoPreview', 'Preview', '2019-06-16 16:49:20', 5, 'Preview'),
(1099, 261, 'VideoPreview', 'Preview', '2019-06-14 16:49:20', 3, 'Preview'),
(1100, 261, 'VideoPreview', 'ID_23', '2019-06-10 16:44:57', 1, 'ID'),
(1101, 261, 'VideoPreview', 'ID_23', '2019-06-10 16:44:57', 2, 'ID'),
(1102, 261, 'VideoPreview', 'ID_23', '2019-06-10 16:44:57', 3, 'ID'),
(1103, 261, 'VideoPreview', 'ID_23', '2019-06-13 16:44:57', 1, 'ID'),
(1104, 261, 'VideoPreview', 'ID_23', '2019-07-13 16:44:57', 1, 'ID'),
(1105, 261, 'VideoPreview', 'ID_23', '2019-07-13 18:44:57', 1, 'ID');

-- --------------------------------------------------------

--
-- Структура таблицы `user`
--

CREATE TABLE `user` (
  `id` int(11) NOT NULL,
  `username` varchar(255) COLLATE utf8_unicode_ci NOT NULL,
  `auth_key` varchar(32) COLLATE utf8_unicode_ci NOT NULL,
  `password_hash` varchar(255) COLLATE utf8_unicode_ci NOT NULL,
  `password_reset_token` varchar(255) COLLATE utf8_unicode_ci DEFAULT NULL,
  `email` varchar(255) COLLATE utf8_unicode_ci NOT NULL,
  `phone` varchar(25) COLLATE utf8_unicode_ci DEFAULT NULL,
  `status` smallint(6) NOT NULL DEFAULT 10,
  `created_at` int(11) NOT NULL,
  `updated_at` int(11) NOT NULL,
  `verification_token` varchar(255) COLLATE utf8_unicode_ci DEFAULT NULL
) ENGINE=InnoDB DEFAULT CHARSET=utf8 COLLATE=utf8_unicode_ci;

--
-- Дамп данных таблицы `user`
--

INSERT INTO `user` (`id`, `username`, `auth_key`, `password_hash`, `password_reset_token`, `email`, `phone`, `status`, `created_at`, `updated_at`, `verification_token`) VALUES
(7, 'Admin', 'QMmz38D2pnYP0hz3szgZkd2nZy5aR4BN', '$2y$13$/KKcIJCnGIHpiobM98smZOt3mY0Jmw6./kCGxe3OBKAwW/glqVU0a', NULL, 'boss@mailinator.com', '+25 (145) 147-25-63', 10, 1566858867, 1566945433, 'jBhVP_3VwOgr2d1OSIUFcmXmpf-PJXEu_1566858867'),
(8, 'User', 'Hhn0EDF4jtqdek6bDtAwCVSwfNFUmKfx', '$2y$13$BYnjM84nWJCm4a2awUHr/O3E04u0qFOKSjlP4VjcNphlSV5xv6MlC', NULL, 'user@mailinator.com', '+52 (256) 789-24-69', 10, 1566863738, 1566917022, 'Htz8bdDzi3WsKdo1hze2V9aicDMj6IH3_1566863738'),
(9, 'Admin2', 'bl9qs1sKDveO264xDBhJZUfiYqXotqfe', '$2y$13$OS6kpRU3l.iIQe4k.Fr7e.eG3YGPWqu7lxJbVrnQpFP60CaaaGuey', NULL, 'boss2@mailinator.com', '+7 (811) 125-25-65', 10, 1566863968, 1566934095, 'Uv-zIOwUSC7UIy8m0ZXFS0Iv_UwMIh23_1566863968'),
(10, 'User2', 'Oupi5gUcjRFrEJGOij_6s4_UuQ0qe06e', '$2y$13$GepH2WTqtUW8VOZgiYNVGuAKVfD5IdXnEX7QfuCvX.aPYQ3LsBEn2', NULL, 'micro-user2@mailinator.com', '+54 (564) 256-47-63', 0, 1566897802, 1566930480, 'yNeAvS-fQ4HZKZdux_mkQgY0heJXq-js_1566897802'),
(15, 'User', 'OUwT6JA5it5EUjWMIk-5G0LpWVa-RRAS', '$2y$13$MRHYYO9XQv6FSfL5h40z3ekDmlk9maYgtQtL6RGBE.nDX6ol3uFy6', NULL, 'micro-user3@mailinator.com', '+5 (665) 458-85-27', 9, 1566901108, 1566920190, 't5ri-ye1x1wz835lfjQDCh-QF2q5ALpq_1566901108'),
(16, 'User', 'L9K3iJdV8zM4DrRyPtPRCJmHgLt18eR_', '$2y$13$Wviaexn46AiEz.T1crWlc.0CTV2IAt3yf4JPOVifcpBSM0PK7dCAW', NULL, 'micro-user4@mailinator.com', '+46 (542) 471-96-35', 9, 1566901401, 1566933936, '1oQXk1Th4LUAFXrIl77gt-mu6fgdTFI7_1566901401'),
(17, 'User5', 'tlivvuElm7VMyoNZ2nInjuLS-l272xWb', '$2y$13$4s5XT9DxLJfcF.fKocVeIeb1gSju9D60MLkQN/2eWoMiAjEE/s3ti', NULL, 'micro-user5@mailinator.com', '+2 (855) 483-29-99', 9, 1566911536, 1566919654, 'Lox5rXKOJ9_g8_bxKnEOWGzUvLeX7pQ6_1566911536'),
(18, 'User6', 'TzRTagShVI6cavMqPZRrxSe5TUKA6_O4', '$2y$13$5uWFwfw45WFfNAERNpUUdO5DZeAB.NmF7y5s/EM.g3.iuqL2y3itq', NULL, 'micro-user6@mailinator.com', '+34 (517) 788-96-32', 10, 1566911776, 1566929813, 'X4_maCvmJuVdjTm0FZ6WDA4T5cy_yp87_1566911776'),
(19, 'User7', 'sTl-3sEnV4_869O8mvQxyhytev5CL62z', '$2y$13$Up3nj6AHSf51jyOBHuyh.uBU339sX8iprd5hGIN3EqkWmn8jm0sMG', NULL, 'micro-user7@mailinator.com', '+25 (145) 147-25-63', 9, 1566912183, 1566912183, 'gx8e79xU0qolJjlnAjE8vFoCHHgRVmym_1566912183'),
(20, 'User9', 'ogsHoON3bCT-GlWaefQfLIjcZhlYahaB', '$2y$13$tUHIjIWycUlnbJ3MQS2ase7VEk0KDJL0ra2cTaqzmyqKlG0LGG.a.', NULL, 'micro-user9@mailinator.com', '+25 (145) 147-25-68', 9, 1566931753, 1566931753, 'wPYJF5U_s_dJxYLq04sM2hBzTGnPzj1D_1566931753'),
(21, 'User10', 'Ji2ihDcb7mV4o7iuBgqUzQTsHZvGO7Mf', '$2y$13$e9MeF8Q24SDCRv09xn/yceohQjqUYdhb4btc.HWodqUoJ6le1YJxy', NULL, 'us10@milo.ru', '+21 (589) 214-56-89', 9, 1566932137, 1566932137, 'p4PmM5GSZlKcseU-a6t37wsIDA_JD-d__1566932137'),
(22, 'User1101', 'xYzENwNm47n3AAflAgvR-HSgib6KZs6y', '$2y$13$StTS3g0dCJght8hsDbxKxu3CB5Eq2L4qHKyMBWpL8aWx.RyhecWsG', NULL, 'us11@milo.ru', '+8 (512) 456-12-85', 10, 1566933449, 1566947584, 'DLRa2PmjZNYzz4vuHujxRMsV38IS9n2T_1566933449'),
(23, 'User12', '9suO3gpKaSo2-JwOngYlAmIYU14jizT8', '$2y$13$DV55Ve1tpOvYwhvd5dYYau4m/Y.LtS2ncgO0aslcEMBVXOeDps/9m', NULL, 'u12@m.ua', '+1 (258) 147-56-32', 0, 1566933999, 1566934031, '5bUV78Nq581cBNjNWpTVgUt3ggxxX9Nh_1566933999');

--
-- Индексы сохранённых таблиц
--

--
-- Индексы таблицы `auth_assignment`
--
ALTER TABLE `auth_assignment`
  ADD PRIMARY KEY (`item_name`,`user_id`),
  ADD KEY `idx-auth_assignment-user_id` (`user_id`);

--
-- Индексы таблицы `auth_item`
--
ALTER TABLE `auth_item`
  ADD PRIMARY KEY (`name`),
  ADD KEY `rule_name` (`rule_name`),
  ADD KEY `idx-auth_item-type` (`type`);

--
-- Индексы таблицы `auth_item_child`
--
ALTER TABLE `auth_item_child`
  ADD PRIMARY KEY (`parent`,`child`),
  ADD KEY `child` (`child`);

--
-- Индексы таблицы `auth_rule`
--
ALTER TABLE `auth_rule`
  ADD PRIMARY KEY (`name`);

--
-- Индексы таблицы `migration`
--
ALTER TABLE `migration`
  ADD PRIMARY KEY (`version`);

--
-- Индексы таблицы `sessions`
--
ALTER TABLE `sessions`
  ADD PRIMARY KEY (`id`);

--
-- Индексы таблицы `session_action`
--
ALTER TABLE `session_action`
  ADD PRIMARY KEY (`session_action_id`),
  ADD KEY `session_id` (`session_id`);

--
-- Индексы таблицы `user`
--
ALTER TABLE `user`
  ADD PRIMARY KEY (`id`),
  ADD UNIQUE KEY `email` (`email`),
  ADD UNIQUE KEY `password_reset_token` (`password_reset_token`);

--
-- AUTO_INCREMENT для сохранённых таблиц
--

--
-- AUTO_INCREMENT для таблицы `sessions`
--
ALTER TABLE `sessions`
  MODIFY `id` int(11) NOT NULL AUTO_INCREMENT, AUTO_INCREMENT=312;

--
-- AUTO_INCREMENT для таблицы `session_action`
--
ALTER TABLE `session_action`
  MODIFY `session_action_id` int(11) NOT NULL AUTO_INCREMENT, AUTO_INCREMENT=1107;

--
-- AUTO_INCREMENT для таблицы `user`
--
ALTER TABLE `user`
  MODIFY `id` int(11) NOT NULL AUTO_INCREMENT, AUTO_INCREMENT=24;

--
-- Ограничения внешнего ключа сохраненных таблиц
--

--
-- Ограничения внешнего ключа таблицы `auth_assignment`
--
ALTER TABLE `auth_assignment`
  ADD CONSTRAINT `auth_assignment_ibfk_1` FOREIGN KEY (`item_name`) REFERENCES `auth_item` (`name`) ON DELETE CASCADE ON UPDATE CASCADE;

--
-- Ограничения внешнего ключа таблицы `auth_item`
--
ALTER TABLE `auth_item`
  ADD CONSTRAINT `auth_item_ibfk_1` FOREIGN KEY (`rule_name`) REFERENCES `auth_rule` (`name`) ON DELETE SET NULL ON UPDATE CASCADE;

--
-- Ограничения внешнего ключа таблицы `auth_item_child`
--
ALTER TABLE `auth_item_child`
  ADD CONSTRAINT `auth_item_child_ibfk_1` FOREIGN KEY (`parent`) REFERENCES `auth_item` (`name`) ON DELETE CASCADE ON UPDATE CASCADE,
  ADD CONSTRAINT `auth_item_child_ibfk_2` FOREIGN KEY (`child`) REFERENCES `auth_item` (`name`) ON DELETE CASCADE ON UPDATE CASCADE;

--
-- Ограничения внешнего ключа таблицы `session_action`
--
ALTER TABLE `session_action`
  ADD CONSTRAINT `FK_session_action_sessions` FOREIGN KEY (`session_id`) REFERENCES `sessions` (`id`);
COMMIT;

/*!40101 SET CHARACTER_SET_CLIENT=@OLD_CHARACTER_SET_CLIENT */;
/*!40101 SET CHARACTER_SET_RESULTS=@OLD_CHARACTER_SET_RESULTS */;
/*!40101 SET COLLATION_CONNECTION=@OLD_COLLATION_CONNECTION */;
